wavelength,coeff
461.83887000000004,1.0710414602532092
461.85427999999996,1.0709349058168107
461.86965999999995,1.07082861174384
461.88507000000004,1.0707221633234245
461.90045,1.0706159749810913
461.91585999999995,1.0705096324185202
461.93124000000006,1.0704035496491466
461.94665999999995,1.0702972438635423
461.96207000000004,1.0701910598776012
461.97745,1.0700851352581764
461.99285999999995,1.0699790567359713
462.00824000000006,1.0698732372965567
462.02365,1.069767264081041
462.03902999999997,1.0696615496650548
462.05444000000006,1.069555681599495
462.06982,1.0694500720506641
462.08524000000006,1.0693442403629334
462.10062,1.0692387355592776
462.11602999999997,1.0691330773587011
462.13140999999996,1.0690276771105327
462.14682,1.068922123591527
462.1622,1.068816827743502
462.17760999999996,1.0687113787505713
462.19299,1.0686061871476518
462.2084,1.0685008425256113
462.22379000000006,1.0683956867025852
462.2392,1.0682904463303784
462.25458,1.0681854627875162
462.26999000000006,1.068080326476696
462.2854,1.0679752421893223
462.30078,1.0678704143119169
462.31619000000006,1.0677654338545695
462.33157,1.0676607095282624
462.34698,1.0675558327471308
462.36237,1.0674511438113392
462.37778,1.0673463705865167
462.39315999999997,1.0672418529361383
462.40857,1.0671371830807714
462.42395,1.0670327685222716
462.43935999999997,1.0669282018834603
462.45474,1.0668238902643872
462.47015,1.0667194266895317
462.48553,1.0666152178577315
462.50095,1.0665107894885515
462.51633,1.06640668332548
462.53174,1.0663024254552873
462.54712,1.0661984217760327
462.56253,1.0660942665137487
462.57791,1.0659903651670553
462.59332,1.0658863123612763
462.60873,1.0657823107769082
462.62411,1.06567856269581
462.63953,1.0655745959345952
462.65491,1.0654709498422341
462.67032,1.0653671526001125
462.6857,1.0652636083131346
462.70110999999997,1.0651599129998315
462.71649,1.0650564703683136
462.7319,1.0649528768337608
462.74728,1.064849535708075
462.7627,1.0647459766600742
462.77808,1.0646427369237792
462.79349,1.064539346530639
462.80887,1.064436208001751
462.82428,1.0643329189388744
462.83966,1.0642298814686437
462.85507,1.0641266935871372
462.87045,1.0640237570271065
462.88586,1.0639206701783683
462.90125,1.0638177675334002
462.91666,1.0637147816018602
462.93207,1.0636118461060742
462.94745,1.063509161255515
462.96286,1.063406326422142
462.97824,1.0633037419643419
462.99365,1.0632010076457952
463.00903,1.0630985234335988
463.02444,1.0629958894825804
463.03983,1.062893438815726
463.05524,1.06279090511775
463.07062,1.0626886209888802
463.08603,1.0625861873646503
463.10141,1.0624840030415916
463.11682,1.0623816693446673
463.1322,1.062279584681409
463.14761,1.0621773507656396
463.16299000000004,1.0620753656164563
463.17841,1.0619731650742286
463.19379000000004,1.0618712793259277
463.2092,1.06176924456744
463.22458,1.0616674580425676
463.23999000000003,1.0615655226284373
463.2554,1.0614636368804142
463.27078,1.0613619989673295
463.28619000000003,1.0612602123461734
463.30157,1.0611586732947866
463.31699000000003,1.0610569196838917
463.33237,1.0609554793820672
463.34778,1.060853890613226
463.36315999999994,1.0607525488849907
463.37857,1.0606510588100304
463.39395,1.0605498155117705
463.40935999999994,1.0604484239869418
463.42474000000004,1.0603472789753239
463.44015999999993,1.06024592014106
463.45554000000004,1.0601448733048804
463.47095,1.0600436784820613
463.48633,1.0599427296466453
463.50174000000004,1.059841632944325
463.51712000000003,1.0597407819671718
463.53253,1.0596397832427087
463.54790999999994,1.0595390299815945
463.56332000000003,1.0594381290926247
463.57874000000004,1.0593372116857698
463.59412000000003,1.0592366048117539
463.60953,1.0591358504889041
463.62490999999994,1.0590353409764546
463.64032000000003,1.058934684134279
463.6557,1.0588342718421322
463.67110999999994,1.0587337123392284
463.68649000000005,1.0586333971263941
463.7019,1.0585329348216348
463.71729000000005,1.0584326514017077
463.7327,1.058332286185738
463.74807999999996,1.0582321647410646
463.76349000000005,1.0581318964417523
463.77887000000004,1.058031871655008
463.79427999999996,1.057931700132045
463.80965999999995,1.0578317718633263
463.82507000000004,1.0577316969766681
463.84045,1.0576318650863428
463.85587000000004,1.0575318218329812
463.87125,1.0574320862129172
463.88665999999995,1.057332204211099
463.90207000000004,1.0572323703824178
463.91745,1.0571327789068552
463.93285999999995,1.057033041226345
463.94824000000006,1.0569335456424584
463.96365,1.0568339039712886
463.97902999999997,1.056734504140652
463.99445,1.056634893757639
464.00982999999997,1.056535589573122
464.02524000000005,1.0564361395362745
464.04062000000005,1.056336930828905
464.05602999999996,1.0562375763864613
464.07140999999996,1.0561384630186106
464.08682000000005,1.0560392040328006
464.1022,1.0559401858671023
464.11760999999996,1.0558410222004277
464.13300000000004,1.0557420347959021
464.14840999999996,1.0556429663420155
464.16379000000006,1.0555441382003854
464.1792,1.0554451647913767
464.19458,1.0553464314413383
464.20999000000006,1.0552475529404957
464.2254,1.0551487218887219
464.24078,1.0550501305166071
464.2562,1.0549513301108275
464.27158,1.054852833220595
464.28699000000006,1.0547541914705023
464.30237,1.054655788895791
464.31777999999997,1.0545572415773246
464.33315999999996,1.0544589331827317
464.34857,1.0543604801603546
464.36395,1.0542622658107366
464.37935999999996,1.0541639069491702
464.39474,1.0540657865096419
464.41015999999996,1.053967457922206
464.42554,1.0538694312885741
464.44095,1.0537712603743046
464.45633,1.053673327381722
464.47174,1.0535752502239348
464.48712,1.0534774107382876
464.50253,1.0533794272027377
464.51791,1.0532816810901682
464.53333,1.053183727534328
464.54874,1.0530858842567807
464.56412,1.0529882780290012
464.57953,1.0528905280390863
464.59490999999997,1.0527930148507492
464.61032,1.052695358015112
464.6257,1.0525979377332504
464.64110999999997,1.0525003739187946
464.65649,1.052403046410695
464.67190999999997,1.05230551224792
464.68729,1.0522082774111898
464.7027,1.0521108992709158
464.71808,1.0520137569432384
464.73349,1.0519164714263238
464.74887,1.0518194214757415
464.76428,1.0517222284500995
464.77966,1.0516252707449063
464.79507,1.0515281700786978
464.81046,1.051431241520865
464.82587,1.0513342331124382
464.84125,1.051237459533759
464.85666,1.0511405432217993
464.87207,1.0510436729537025
464.88745,1.0509470371482694
464.90286,1.0508502587800403
464.91824,1.0507537146303019
464.93365,1.0506570280312235
464.94904,1.0505605127086843
464.96445,1.0504639177780315
464.97983,1.0503675565785848
464.99524,1.0502710531563546
465.01062,1.0501747832222919
465.02603,1.0500783711785104
465.04141,1.049982192380235
465.05682,1.0498858715851755
465.0722,1.049789783793335
465.08762,1.049693491686059
465.103,1.0495974948010398
465.11841,1.049501356144757
465.13379000000003,1.0494054500081604
465.1492,1.0493094022128482
465.16458,1.0492135866960557
465.17999000000003,1.0491176296329627
465.1954,1.0490217179319157
465.21078,1.0489260381482193
465.2262,1.048830154820208
465.24158,1.0487345653650728
465.25699000000003,1.0486388346442086
465.27237,1.048543335360514
465.28778,1.0484476949230577
465.30315999999993,1.048352285683274
465.31857,1.0482567354015662
465.33395,1.0481614160784012
465.34937,1.0480658938926897
465.36475,1.0479706643882345
465.38016,1.047875294065189
465.39554000000004,1.0477801542234506
465.41095,1.0476848736745763
465.42633,1.0475898233689833
465.44174000000004,1.0474946324675805
465.45712000000003,1.0473996715717975
465.47253,1.047304570191406
465.48792000000003,1.0472096369087793
465.50333,1.0471146249521877
465.51874000000004,1.0470196576891975
465.53412000000003,1.0469249198390747
465.54953,1.046830041781879
465.56490999999994,1.0467353929011618
465.58032000000003,1.046640603924126
465.5957,1.0465460438875447
465.61110999999994,1.0464513438652765
465.6265,1.0463568111374164
465.64190999999994,1.046262199973582
465.65729000000005,1.0461678172791564
465.6727,1.04607329481996
465.68807999999996,1.045979000595231
465.70349000000004,1.0458845667159806
465.71887000000004,1.0457903608366141
465.73427999999996,1.0456960154128523
465.74965999999995,1.0456018977547488
465.76507999999995,1.0455075795104058
465.78045999999995,1.045413549978291
465.79587000000004,1.0453193811216892
465.81125,1.045225439563295
465.82665999999995,1.045131358790163
465.84207000000004,1.0450373220552795
465.85745,1.0449435122688933
465.87285999999995,1.0448495634322121
465.88824000000005,1.0447558413114078
465.90365999999995,1.044661919354807
465.91904000000005,1.0445682848051692
465.93445,1.0444745114240217
465.94982999999996,1.0443809642945006
465.96524000000005,1.0442872784426545
465.98062000000004,1.0441938186108783
465.99602999999996,1.044100220165842
466.01140999999996,1.044006847509669
466.02682000000004,1.043913336349175
466.04220999999995,1.0438199901069896
466.05762000000004,1.0437265661372883
466.07300000000004,1.0436333674950222
466.08840999999995,1.0435400305659777
466.10379000000006,1.0434469187342135
466.1192,1.0433536687242404
466.13457999999997,1.0432606435817475
466.14999000000006,1.0431674803694861
466.16540999999995,1.0430743001387799
466.18079000000006,1.0429814048735615
466.1962,1.0428883717011
466.21157999999997,1.0427955628229553
466.22699000000006,1.0427026161457025
466.24237,1.0426098935341845
466.25777999999997,1.0425170332315739
466.27315999999996,1.0424243967664595
466.28857,1.0423316227181434
466.30395999999996,1.042239012117564
466.31937,1.0421463242313775
466.33475,1.0420538597271787
466.35015999999996,1.0419612578552278
466.36554,1.0418688791380646
466.38095,1.041776363160674
466.39633,1.0416840701112144
466.41174,1.0415916399089307
466.42712,1.041499432408063
466.44254000000006,1.041407027950481
466.45792,1.0413149059070415
466.47333,1.041222646925254
466.48874000000006,1.0411304307089302
466.50412,1.041038436629052
466.51953,1.0409463057713888
466.53490999999997,1.0408543968248518
466.55032,1.0407623512073871
466.5657,1.0406705272760706
466.58112,1.040578507118526
466.5965,1.040486768112081
466.61190999999997,1.0403948926480922
466.62729,1.0403032384212407
466.6427,1.04021144784334
466.65808,1.040119878278614
466.67349,1.040028172469212
466.68887,1.0399366874493607
466.70428,1.0398450662910874
466.71967,1.03975360628457
466.73508,1.0396620696877068
466.75046,1.0395707534340808
466.76587,1.039479301254213
466.78125,1.039388069194967
466.79666,1.0392967013153742
466.81207,1.0392053755832265
466.82745,1.0391142696382927
466.84286,1.039023028031681
466.85825,1.0389319468220446
466.87366,1.038840789252049
466.88904,1.038749851025967
466.90445,1.038658777349311
466.91983,1.0385679227954536
466.93524,1.038476932896379
466.95062,1.0383861618993193
466.96603,1.0382952556622822
466.98141,1.0382045681068046
466.99683,1.0381136864925318
467.01221,1.0380230822906786
467.02762,1.0379323430590022
467.043,1.0378418220688983
467.05841,1.0377511661538554
467.07379000000003,1.0376607282609216
467.0892,1.0375701555478123
467.10458,1.0374798006376773
467.12,1.0373892523041386
467.13541,1.0372988042466997
467.15079000000003,1.037208573663969
467.1662,1.0371182085225434
467.18158,1.0370280606375084
467.19699,1.0369377782981326
467.21237,1.0368477129971554
467.22778,1.0367575133460722
467.24316,1.0366675305157216
467.25858,1.0365773549731834
467.27396,1.0364874545269676
467.28937,1.0363974199387984
467.30475,1.0363076017369348
467.32016,1.0362176494970023
467.33554000000004,1.036127913426682
467.35095,1.0360380434220615
467.36633,1.0359483893706822
467.38174000000004,1.0358586014886528
467.39713,1.0357689711177502
467.41254000000004,1.0356792652724174
467.42792000000003,1.035589774948481
467.44333,1.0355001510008839
467.45874000000003,1.0354105679999448
467.47412,1.0353212001973107
467.48953,1.035231698925975
467.50490999999994,1.0351424126380202
467.52032,1.0350529929844905
467.53570999999994,1.0349637301123775
467.55112,1.034874391991516
467.5665,1.0347852684250733
467.58190999999994,1.0346960116990032
467.59729000000004,1.0346069693133806
467.6127,1.0345177938709125
467.62807999999995,1.034428832555244
467.64349000000004,1.0343397382853956
467.65887000000004,1.034250857929013
467.67429000000004,1.0341617869708906
467.68967000000004,1.0340729874895689
467.70508,1.0339840552590913
467.72045999999995,1.0338953365162904
467.73587000000003,1.0338064851266562
467.75125,1.033717847012312
467.76665999999994,1.0336290763533449
467.78207000000003,1.0335403460577304
467.79745,1.0334518287193106
467.81287000000003,1.0333631214750938
467.82825,1.0332746845168719
467.84365999999994,1.0331861152691308
467.85904000000005,1.0330977585556242
467.87445,1.0330092696544075
467.88982999999996,1.0329209930764502
467.90524000000005,1.0328325844124782
467.92062000000004,1.0327443878610996
467.93604000000005,1.032656002019326
467.95142000000004,1.0325678854116926
467.96682999999996,1.0324796369211278
467.98220999999995,1.0323916001226907
467.99762000000004,1.0323034315426765
468.01300000000003,1.0322154744450576
468.02840999999995,1.0321273856671047
468.04379000000006,1.0320395081621208
468.0592,1.0319514990779337
468.07457999999997,1.0318637010575993
468.09,1.0317757145119737
468.10540999999995,1.0316878248303398
468.12079000000006,1.0316001458992945
468.1362,1.0315123356414573
468.15157999999997,1.031424735925861
468.16699000000006,1.031337004984207
468.18237,1.031249484376755
468.19777999999997,1.031161832643868
468.21317,1.0310743341961757
468.22857999999997,1.030986761590506
468.24395999999996,1.0308993989038084
468.25937000000005,1.0308119052926168
468.27475,1.0307246213932744
468.29015999999996,1.030637206669727
468.30554000000006,1.0305500014512057
468.32095,1.0304626655086566
468.33633,1.030375538864618
468.35175,1.0302882249855934
468.36713,1.0302011768353567
468.38254000000006,1.030113998161139
468.39792,1.030027028373243
468.41333,1.029939928161207
468.42874000000006,1.0298528671787195
468.44412,1.0297660147741525
468.45953,1.0296790320950513
468.47490999999997,1.0295922577887129
468.49033,1.0295052969252378
468.50570999999997,1.0294186006371482
468.52112,1.0293317742735744
468.5365,1.0292451558732834
468.55190999999996,1.0291584074968514
468.56729,1.0290718668794436
468.5827,1.0289851963851293
468.59808,1.0288987334458797
468.61349,1.0288121407288477
468.62888,1.0287256992084763
468.64429,1.0286391841892861
468.65967,1.0285528763180707
468.67508,1.0284664388670197
468.69046,1.0283802083608768
468.70587,1.0282938483736934
468.72125,1.0282076951286458
468.73666,1.0281214125012426
468.75208,1.0280351125987217
468.76745999999997,1.0279490751133327
468.78287,1.027862908393489
468.79825,1.0277769479099834
468.81365999999997,1.0276908582904358
468.82904,1.027604974705487
468.84445,1.0275189620827998
468.85983,1.0274331552932665
468.87524,1.027347219564188
468.89063,1.0272614337382802
468.90604,1.0271755748246674
468.92142,1.0270899213421356
468.93683,1.0270041391161517
468.95221,1.0269185621206818
468.96762,1.0268328564796267
468.983,1.0267473558688114
468.99841,1.0266617267101723
469.01379000000003,1.0265763023817869
469.02921,1.0264906940979313
469.04459,1.0264053459746612
469.06,1.026319869498795
469.07541,1.026234431160742
469.09079,1.026149197154089
469.1062,1.0260638349410032
469.12158,1.025978676860348
469.13699,1.0258933906705352
469.15237,1.0258083084144711
469.16779,1.0257230428633086
469.18317,1.0256380363551874
469.19858,1.0255529019321676
469.21396,1.0254679710463328
469.22937,1.025382912342554
469.24475,1.0252980569781387
469.26016,1.0252130738926277
469.27554000000003,1.025128293948946
469.29095,1.0250433863809074
469.30634000000003,1.0249586266951534
469.32175,1.0248737945684518
469.33713,1.0247891651893057
469.35254000000003,1.024704408378994
469.36792,1.02461985411956
469.38333,1.024535172525381
469.39874000000003,1.0244505285383234
469.41412,1.0243660868075612
469.42953,1.0242815178865337
469.44492,1.0241970961830738
469.46033,1.0241126022525968
469.47570999999994,1.0240283101866947
469.49112,1.0239438911227656
469.5065,1.0238596737280077
469.52190999999993,1.0237753294311676
469.53729000000004,1.023691186608375
469.5527,1.0236069169793403
469.56808,1.0235228486295107
469.5835,1.0234385989446397
469.59888,1.0233546049930848
469.61429000000004,1.0232704844266782
469.62967000000003,1.0231865647505731
469.64508,1.0231025185551412
469.66045999999994,1.0230186730560067
469.67587000000003,1.0229347011329637
469.69125,1.0228509297124957
469.70667000000003,1.0227669775317716
469.72208,1.0226831168929968
469.73745999999994,1.0225994564665764
469.75287000000003,1.0225156698544131
469.76825,1.0224320832615772
469.78365999999994,1.022348370578052
469.79904000000005,1.0222648577211013
469.81445,1.0221812188684105
469.82982999999996,1.0220977796498216
469.84525,1.0220141603144537
469.86062999999996,1.0219307946607394
469.87604000000005,1.021847303200898
469.89142000000004,1.0217640109909751
469.90682999999996,1.0216805930695623
469.92220999999995,1.0215973742064188
469.93762000000004,1.0215140297263188
469.95300000000003,1.0214308841131146
469.96840999999995,1.0213476129773846
469.9838,1.0212644865160252
469.99920999999995,1.021181288651663
470.01459000000006,1.0210982892722091
470.03,1.0210151645588084
470.04540999999995,1.0209320764203043
470.06079000000005,1.0208491864808868
470.0762,1.02076617134871
470.09157999999996,1.0206833542254754
470.10699000000005,1.0206004120034455
470.12237999999996,1.0205176138122904
470.13779000000005,1.02043474442803
470.15317000000005,1.0203520726731752
470.16857999999996,1.020269276007179
470.18395999999996,1.0201866767812553
470.19937000000004,1.0201039527378493
470.21475,1.0200214259454534
470.23015999999996,1.0199387744291302
470.24554000000006,1.0198563199750255
470.26095999999995,1.0197736873142236
470.27634000000006,1.0196913051267877
470.29175,1.0196087984022613
470.30713,1.019526488363113
470.32254000000006,1.0194440538801217
470.33792,1.0193618158945246
470.35332999999997,1.019279453558233
470.36874000000006,1.0191971272948783
470.38412,1.0191149972473477
470.39954000000006,1.0190326896231934
470.41492,1.0189506314163586
470.43032999999997,1.0188684490913307
470.44570999999996,1.0187864626076926
470.46112,1.0187043520986545
470.4765,1.0186224372442207
470.49190999999996,1.0185403984570789
470.50729,1.0184585551380183
470.52270999999996,1.0183765347995841
470.53809,1.01829476294542
470.5535,1.0182128673436597
470.56888,1.0181311668376716
470.58429,1.0180493426764778
470.59967,1.0179677134253264
470.61508,1.0178859606112576
470.63045999999997,1.0178044025217667
470.64587,1.0177227209615471
470.66125,1.0176412339407033
470.67667,1.0175595705933964
470.69208,1.0174779957971158
470.70745999999997,1.0173966152627483
470.72287,1.01731511148776
470.73825,1.0172338017901366
470.75365999999997,1.0171523689437307
470.76904,1.0170711299904036
470.78445,1.0169897679800326
470.79984,1.0169085469149568
470.81525,1.0168272556711966
470.83063,1.0167461579526602
470.84604,1.0166649373602905
470.86142,1.0165839101096388
470.87683,1.0165027600765943
470.89221,1.016421803202021
470.90762,1.0163407236363953
470.923,1.016259837046252
470.93842,1.0161787752984903
470.9538,1.0160979589240704
470.96921,1.0160170200410144
470.98459,1.0159362737681747
471.0,1.0158554050777449
471.01541,1.015774571483542
471.03079,1.0156939302262413
471.0462,1.0156131666877752
471.06158,1.0155325953043797
471.077,1.0154518493775548
471.09238,1.0153713477999358
471.10779,1.015290724122679
471.12317,1.0152102922375383
471.13858,1.0151297383433626
471.15396,1.0150493760602382
471.16937,1.0149688918585804
471.18475,1.014888599087165
471.20016,1.0148081844876222
471.21555,1.0147279089882126
471.23096,1.014647563923099
471.24634000000003,1.014567409927309
471.26175,1.014487134283941
471.27713,1.0144070495298474
471.29254000000003,1.0143268432182893
471.30792,1.014246827616208
471.32333,1.0141666905466773
471.33875,1.0140865361286426
471.35413,1.0140066241427643
471.36954000000003,1.0139265908243515
471.38492,1.0138467477668802
471.40033,1.0137667834666468
471.41571,1.01368700924844
471.43112,1.0136071138771456
471.4465,1.0135274084092127
471.46191,1.0134475818777728
471.47729000000004,1.0133679450712778
471.49271,1.0132881355447634
471.50809000000004,1.0132085673332794
471.5235,1.013128878237187
471.53888,1.013049378509898
471.55429000000004,1.0129697579872903
471.56967000000003,1.012890326655818
471.58508,1.0128107746182209
471.60045999999994,1.0127314115943402
471.61588,1.0126518763852757
471.63125999999994,1.0125725816030533
471.64667000000003,1.0124931662928323
471.66208,1.012413785137075
471.67745999999994,1.0123345925524245
471.69287,1.012255279573141
471.70825,1.0121761549884096
471.72365999999994,1.0120969100978086
471.73904000000005,1.012017853425451
471.75445999999994,1.0119386251667324
471.76984000000004,1.0118596363413657
471.78525,1.0117805273873979
471.80062999999996,1.0117016062997357
471.81604000000004,1.0116225651719468
471.83142000000004,1.0115437117348907
471.84682999999995,1.0114647383460915
471.86220999999995,1.011385952472696
471.87762000000004,1.0113070467358412
471.89300999999995,1.011228277167951
471.90842000000004,1.0111494390180793
471.9238,1.01107078803363
471.93920999999995,1.0109920173620404
471.95459000000005,1.010913433681273
471.97,1.010834730401367
471.98540999999994,1.0107560608176658
472.00079000000005,1.01067757796326
472.0162,1.0105989756415852
472.03159000000005,1.0105205089005638
472.04699999999997,1.0104419737764925
472.06237999999996,1.0103636250339183
472.07779000000005,1.0102851569995408
472.09317000000004,1.0102068751731497
472.10857999999996,1.0101284741425345
472.12395999999995,1.0100502591466367
472.13937000000004,1.0099719250339974
472.15475,1.0098937767830471
472.17017000000004,1.0098154587236698
472.18555,1.0097373771539042
472.20095999999995,1.0096591766421141
472.21634000000006,1.0095811616466155
472.23175,1.0095030277962973
472.24712999999997,1.009425079289959
472.26254000000006,1.0093470120159092
472.27792,1.0092691299137677
472.29332999999997,1.0091911291309317
472.30875,1.0091131110095775
472.32412999999997,1.0090353284085207
472.33954000000006,1.0089574272571915
472.35492,1.008879710848488
472.37032999999997,1.0088018759762962
472.38570999999996,1.0087242256754878
472.40112,1.0086464569978835
472.4165,1.008568872720656
472.43192,1.0084911197404962
472.4473,1.0084136014240803
472.46270999999996,1.008335964904004
472.47809000000007,1.0082585124429424
472.4935,1.0081809418646355
472.50888,1.0081035551750452
472.52429000000006,1.0080260504545289
472.53967,1.0079487294526657
472.55508,1.0078712905061074
472.57047,1.0077939848879456
472.58588,1.0077166116529732
472.60125999999997,1.0076394217971705
472.61667,1.0075621141688846
472.63208,1.0074848393445766
472.64745999999997,1.007407747645399
472.66287,1.007330538302676
472.67825,1.0072535119160704
472.69365999999997,1.0071763679717372
472.70905,1.0070993567855662
472.72445999999997,1.0070222781777656
472.73984,1.0069453821886947
472.75525,1.0068683688132845
472.77063,1.0067915378882866
472.78604,1.0067145896624914
472.80142,1.0066378237190217
472.81683,1.0065609405602058
472.83221,1.0064842395158597
472.84763,1.0064073715025192
472.86301,1.0063307352960684
472.87842,1.0062539820449323
472.8938,1.0061774105731867
472.90921,1.0061007221419347
472.92459,1.0060242153229066
472.94,1.0059475916294611
472.95541,1.0058710003056819
472.97079,1.0057945903437233
472.98620999999997,1.005718013984923
473.00159,1.0056416684921967
473.017,1.005565206337449
473.03238,1.0054889252115062
473.04779,1.0054125275083128
473.06317,1.0053363106677853
473.07858,1.0052599773346906
473.09396,1.0051838246983493
473.10938,1.0051075061712582
473.12476,1.0050314176788218
473.14017,1.0049552128629422
473.15555,1.0048791884126156
473.17096,1.0048030477232603
473.18634000000003,1.0047270872342222
473.20175,1.0046510105904805
473.21713,1.004575113982049
473.23254000000003,1.004499101303145
473.24792,1.0044232684947696
473.26334,1.0043472704250458
473.27875,1.0042713535940537
473.29413,1.0041956163867019
473.30954,1.0041197633191423
473.32492,1.004044089711001
473.34033,1.0039683003265758
473.35571,1.0038926902375693
473.37112,1.0038169644561117
473.38651,1.0037413686965404
473.40192,1.0036657064586394
473.4173,1.0035902231887752
473.43271,1.003514624393891
473.44809000000004,1.0034392044037124
473.4635,1.0033636689720806
473.47888,1.003288312182048
473.49429000000003,1.0032128400340405
473.50967,1.0031375463647456
473.52509000000003,1.0030620884960606
473.54047,1.0029868578886916
473.55588,1.002911512090071
473.57125999999994,1.002836344444999
473.58667,1.0027610616918905
473.60208,1.0026858104625431
473.61745999999994,1.002610737143413
473.63287,1.0025355488409438
473.64825,1.0024605382867975
473.66367,1.0023853640914082
473.67905,1.002310416243913
473.69445999999994,1.0022353535790112
473.70984000000004,1.0021604683392478
473.72525,1.0020854683648988
473.74062999999995,1.0020106456544517
473.75604000000004,1.0019357082921505
473.77142000000003,1.0018609480327336
473.78683,1.0017860732041086
473.80222000000003,1.001711326759498
473.81763,1.0016365144065802
473.83300999999994,1.001561878835109
473.84842000000003,1.0014871288594873
473.8638,1.0014125555049465
473.87920999999994,1.0013378678286418
473.89459000000005,1.0012633566132676
473.91,1.0011887311584284
473.92542000000003,1.0011140884190863
473.9408,1.001039670317265
473.95620999999994,1.0009651380993305
473.97159000000005,1.0008907819427677
473.98699999999997,1.0008163117521731
474.00237999999996,1.000742017463557
474.01779000000005,1.0006676092229037
474.03317000000004,1.0005933767250506
474.04857999999996,1.0005190303570708
474.06395999999995,1.0004448595729247
474.07937999999996,1.0003705268050753
474.09475999999995,1.0002964176777163
474.11017000000004,1.0002221948438155
474.12555,1.0001481472764122
474.14095999999995,1.0000739860841197
474.15634000000006,1.0
474.17175,0.999925900372557
474.18712999999997,0.9998519756951776
474.20255,0.9997778895204235
474.21792999999997,0.999704026193272
474.23334000000006,0.9996300494856977
474.24875,0.9995561034852004
474.26412999999997,0.9994823320402939
474.27954000000005,0.9994084473369349
474.29492,0.9993347370317988
474.31032999999996,0.9992609135493913
474.32570999999996,0.9991872643080497
474.34112999999996,0.9991134541139229
474.35650999999996,0.999039865880323
474.37192000000005,0.9989661646315853
474.3873,0.9988926373101844
474.40270999999996,0.9988189970545702
474.41809000000006,0.9987455305697687
474.4335,0.9986719512315962
474.44888,0.9985985455079209
474.46429000000006,0.998525027011631
474.47968,0.9984516342950074
474.49509000000006,0.9983781765848914
474.51047,0.9983048921772215
474.52588,0.9982314951582237
474.54125999999997,0.9981582712859849
474.55667,0.9980849348829192
474.57207999999997,0.9980116287891593
474.58745999999996,0.9979384956089431
474.60287,0.9978652500185379
474.61825999999996,0.9977921296847139
474.63367,0.9977189445424011
474.64905,0.9976459320034565
474.66445999999996,0.9975728072148495
474.67984,0.9974998548748573
474.69525,0.9974267903653281
474.71063,0.9973538981498689
474.72604,0.9972808938449126
474.74142,0.9972080616796881
474.75684,0.997135070179079
474.77222,0.9970622980093797
474.78763,0.9969894139100425
474.80301,0.9969167016423254
474.81842,0.9968438775247598
474.8338,0.9967712250850927
474.84920999999997,0.9966984608752855
474.86459,0.9966258681898584
474.88,0.9965531638139149
474.89542,0.9964804422054735
474.9108,0.9964079390616765
474.92620999999997,0.9963353243467085
474.94159,0.9962628807730975
474.957,0.9961903257077328
474.97238,0.9961179416309219
474.98779,0.9960454461416919
475.00317,0.9959731214884155
475.01859,0.9959006385058015
475.03397,0.9958283732221774
475.04938,0.9957559966845811
475.06476,0.9956837906782975
475.08017,0.9956114734971279
475.09555,0.9955393266952784
475.11096,0.9954670687975467
475.12634,0.9953949811273456
475.14175,0.9953227824401841
475.15714,0.995250707005907
475.17255,0.9951785674757633
475.18793,0.9951065978701227
475.20334,0.9950345174051461
475.21875,0.9949624664742943
475.23413,0.9948905852411679
475.24954,0.9948185932667264
475.26492,0.9947467708391243
475.28033,0.9946748377487618
475.29572,0.9946030274036888
475.31113,0.9945311531442786
475.32651,0.9944594481304849
475.34192,0.9943876326108175
475.3573,0.9943159861864794
475.37271,0.9942442293345766
475.38809000000003,0.9941726414279138
475.4035,0.9941009431719153
475.41888,0.9940294137112655
475.4343,0.9939577274998104
475.44968,0.9938862564325744
475.46509000000003,0.993814675172241
475.48047,0.9937432624080202
475.49588,0.993671739528685
475.51125999999994,0.9936003849961667
475.52667,0.9935289204264373
475.54208,0.9934574850131481
475.55745999999994,0.9933862177230259
475.57288,0.9933147942031246
475.58826,0.9932435849857398
475.60367,0.9931722659256139
475.61905,0.993101114691194
475.63446,0.9930298536916552
475.64984000000004,0.9929587603694087
475.66525,0.9928875573595841
475.68063,0.9928165218788354
475.69604000000004,0.9927453767879694
475.71143,0.9926743529381831
475.72684000000004,0.9926032657144108
475.74222000000003,0.9925323457238177
475.75763,0.9924613162778142
475.77300999999994,0.9923904539173566
475.78842000000003,0.99231948217871
475.8038,0.9922486773781706
475.81920999999994,0.9921777632765837
475.83459000000005,0.992107015965858
475.85000999999994,0.9920361134596161
475.86542000000003,0.9919652857287439
475.8808,0.9918946245681113
475.89620999999994,0.9918238542989979
475.91159000000005,0.9917532504533613
475.92699999999996,0.9916825375761077
475.94237999999996,0.9916119909757616
475.95779000000005,0.9915413354205804
475.97317999999996,0.9914708001733414
475.98859000000004,0.9914002018891446
476.00397000000004,0.9913297695892493
476.01937999999996,0.9912592284878727
476.03475999999995,0.991188853224804
476.05017000000004,0.9911183692367991
476.06555,0.9910480509413017
476.08095999999995,0.9909776239973357
476.09634000000005,0.9909073626002649
476.11175999999995,0.9908369469752344
476.12714000000005,0.9907667424260059
476.14255,0.9906964293810321
476.15792999999996,0.9906262815922581
476.17334000000005,0.990556025383968
476.18875,0.990485797595837
476.20412999999996,0.9904157348463478
476.21954000000005,0.9903455637915789
476.23492000000005,0.9902755576306964
476.25034000000005,0.990205397750492
476.26572000000004,0.9901354481280322
476.28112999999996,0.9900653903523084
476.29650999999996,0.9899954971814827
476.31192000000004,0.9899254959332711
476.3273,0.9898556591457693
476.34270999999995,0.9897857143566837
476.35809000000006,0.9897159338843057
476.3735,0.989646045486066
476.38889000000006,0.9895762759355091
476.4043,0.9895064438782307
476.41967999999997,0.9894367758501773
476.43509000000006,0.9893670000474969
476.45047,0.9892973881306054
476.46587999999997,0.9892276685145762
476.48125999999996,0.9891581126410854
476.49667,0.9890884491438693
476.51207999999997,0.9890188137079602
476.52747,0.9889492966387858
476.54287999999997,0.9888797172382844
476.55825999999996,0.9888103012228949
476.57367,0.9887407777720321
476.58905,0.9886714175636817
476.60445999999996,0.9886019499949988
476.61984,0.9885326455264147
476.63525,0.9884632337725632
476.65063,0.9883939849765819
476.66605,0.9883245839722311
476.68143,0.988255390799846
476.69684000000007,0.9881860904921139
476.71222,0.9881169528583056
476.72763,0.9880477081639844
476.74300999999997,0.9879786260019114
476.75842,0.987909436854082
476.7738,0.9878404100970106
476.78922,0.9877712315750119
476.8046,0.9877022601742775
476.82000999999997,0.9876331819370959
476.83542,0.9875641314083747
476.8508,0.9874952429173737
476.86620999999997,0.9874262477017235
476.88159,0.987357414382941
476.897,0.9872884744139248
476.91238,0.9872196962011097
476.9278,0.9871507667200032
476.94318,0.9870820435648727
476.95859,0.9870132139081284
476.97397,0.9869445457267529
476.98938,0.98687577111795
477.00476,0.9868071578443935
477.02017,0.9867384382175195
477.03555,0.9866698797859511
477.05096,0.9866012150750988
477.06635,0.9865326668879487
477.08176,0.9864640570451211
477.09714,0.9863956081182135
477.11255,0.986327053059887
477.12793,0.9862586587780844
477.14334,0.98619015843867
477.15875,0.9861216854607726
477.17413,0.986053373050569
477.18954,0.9859849546933608
477.20493,0.9859166523927754
477.22034,0.9858482886086327
477.23572,0.9857800851144202
477.25113,0.9857117758203885
477.26651,0.985643626677696
477.28192,0.9855753718086547
477.2973,0.9855072769525383
477.31271,0.9854390764434675
477.32809000000003,0.985371035809087
477.34351,0.9853028453818171
477.35889000000003,0.9852348589220173
477.3743,0.9851667669558497
477.38968,0.9850988345883945
477.40509000000003,0.9850307967877434
477.42047,0.9849629184481025
477.43588,0.984894934748361
477.45126,0.9848271103721062
477.46667,0.9847591807087726
477.48209,0.9846912340105379
477.49747,0.9846234905024942
477.51288,0.984555641816825
477.52826,0.9844879521114916
477.54367,0.9844201573013698
477.55905,0.9843525213346765
477.57446,0.9842847803359565
477.58984000000004,0.9842171980439336
477.60526,0.9841494668770627
477.62064000000004,0.9840819382132453
477.63605,0.9840143046627283
477.65143,0.9839468295459284
477.66684000000004,0.9838792496149669
477.68222000000003,0.9838118279815183
477.69763,0.9837443016063767
477.71300999999994,0.9836769333927157
477.72842,0.9836094605097548
477.7438,0.9835421456524169
477.75922,0.9834746824563187
477.7746,0.9834074209092405
477.79000999999994,0.9833400548374531
477.80542,0.9832727154504688
477.8208,0.983205533750115
477.83620999999994,0.9831382476333215
477.85159000000004,0.9830711190679076
477.86699999999996,0.9830038861581181
477.88239000000004,0.9829367670610951
477.8978,0.9828695873124725
477.91317999999995,0.9828025648452079
477.92859000000004,0.9827354381774969
477.94397000000004,0.9826684686564114
477.95937999999995,0.9826013950067269
477.97475999999995,0.9825344783691063
477.99017000000003,0.9824674576746589
478.00555,0.982400593857888
478.02097000000003,0.9823335826072125
478.03635,0.9822667715659
478.05175999999994,0.9821998566111108
478.06714000000005,0.9821330982656928
478.08255,0.9820662360783524
478.09792999999996,0.9819995303665089
478.11334000000005,0.9819327208842271
478.12875,0.9818659377567532
478.14412999999996,0.9817993109042185
478.15955,0.9817325370935264
478.17492999999996,0.9816659627362001
478.19034000000005,0.9815992847868843
478.20572000000004,0.9815327628457367
478.22112999999996,0.9814661373838275
478.23650999999995,0.9813996677969782
478.25192000000004,0.9813330947605268
478.2673,0.9812666774661952
478.28270999999995,0.9812001567933475
478.2981,0.9811337485880932
478.31350999999995,0.9810672802340686
478.32889000000006,0.981000967356748
478.3443,0.9809345512428927
478.35967999999997,0.9808682904733058
478.37509000000006,0.9808019265380549
478.39047,0.9807357178148093
478.40587999999997,0.980669405996699
478.42125999999996,0.9806032492584945
478.43667999999997,0.9805369465067091
478.45209000000006,0.9804707127914886
478.46747,0.9804046339582356
478.48287999999997,0.980338452206864
478.49825999999996,0.9802724252057788
478.51367,0.9802062953571271
478.52905,0.9801403201272497
478.54445999999996,0.9800742421202839
478.55984000000007,0.9800083186007464
478.57525999999996,0.9799422495365893
478.59064000000006,0.9798763776833871
478.60605,0.9798104031938683
478.62143,0.9797445829295409
478.63684000000006,0.9796786600991627
478.65222,0.9796128913631297
478.66763,0.9795470201312443
478.68300999999997,0.9794813028630198
478.69843,0.9794154404651105
478.71380999999997,0.9793497746209902
478.72922,0.97928400642122
478.7446,0.9792183919242008
478.76000999999997,0.9791526751415169
478.77542,0.9790869840697862
478.7908,0.9790214465055247
478.80620999999996,0.9789558067604794
478.82159,0.9788903203929593
478.83700999999996,0.9788246893605071
478.85239,0.9787592541463597
478.8678,0.9786937168910007
478.88318,0.9786283327537353
478.89859,0.9785628466449279
478.91397,0.9784975135247636
478.92938,0.9784320785026561
478.94476,0.978366796339906
478.96017,0.9783014123447424
478.97556,0.9782361386750312
478.99097,0.9781708056636897
479.00635,0.9781056252535794
479.02176,0.9780403431499288
479.03714,0.977975213518709
479.05255,0.9779099822632705
479.06793,0.9778449033516249
479.08334,0.9777797228850134
479.09875,0.9777145678152871
479.11414,0.9776495226402848
479.12955,0.9775844182869089
479.14493,0.9775194659563361
479.16034,0.9774544122436797
479.17572,0.9773895104257542
479.19113,0.9773245072947536
479.20651,0.9772596559305741
479.22192,0.9771947033222594
479.2373,0.9771299023530148
479.25272,0.9770649580997997
479.2681,0.9770002074831101
479.28351,0.9769353557599825
479.29889000000003,0.9768706554208629
479.3143,0.976805854044039
479.32968,0.9767412039239517
479.34509,0.9766764528348255
479.36047,0.9766118528753259
479.37589,0.9765471100372605
479.39127,0.9764825601962566
479.40668,0.9764179095233602
479.42209,0.9763532839383673
479.43747,0.9762888091658166
479.45288,0.9762242336640734
479.46826,0.9761598088482165
479.48367,0.976095283371521
479.49905,0.976030908454318
479.51447,0.975966391112636
479.52985,0.9759020660523156
479.54526,0.9758376404676902
479.56064000000003,0.9757733651901948
479.57605,0.975708989456549
479.59143,0.9756447639041107
479.60684000000003,0.9755804379636072
479.62222,0.9755162620785445
479.63763,0.9754519858734336
479.65302,0.9753878179116241
479.66843,0.9753235914003716
479.68380999999994,0.9752595146934608
479.69922,0.9751953378023537
479.7146,0.9751313105902919
479.73000999999994,0.97506718326185
479.74542,0.9750030807173288
479.7608,0.9749391276641414
479.77620999999994,0.9748750745962017
479.7916,0.9748111293528321
479.80701,0.9747471257202549
479.82239000000004,0.9746832713293152
479.8378,0.9746193170588696
479.85318,0.9745555119054665
479.86859000000004,0.9744916069400699
479.88397000000003,0.9744278509672758
479.89938,0.9743639952499322
479.91475999999994,0.974300288400907
479.93018,0.974236440476775
479.94555999999994,0.974172782710694
479.96097000000003,0.9741090253347715
479.97635,0.9740454165790221
479.99175999999994,0.9739817082806771
480.00714000000005,0.9739181484786802
480.02255,0.9738544892012672
480.03792999999996,0.9737909782965349
480.05334000000005,0.9737273679834937
480.06875999999994,0.9736637409005273
480.08414000000005,0.9736003032755702
480.09955,0.9735367663428999
480.11492999999996,0.9734733774743128
480.13034000000005,0.9734098893649561
480.14572000000004,0.9733465491965513
480.16112999999996,0.973283109854256
480.17650999999995,0.9732198183299332
480.19192999999996,0.9731563865704034
480.20730999999995,0.9730931436499175
480.22272000000004,0.9730298016891175
480.2381,0.9729666073007517
480.25350999999995,0.9729033139387503
480.26889000000006,0.9728401680266584
480.2843,0.9727769232075465
480.29967999999997,0.972713825715973
480.31509000000005,0.9726506293839244
480.33047,0.9725875802571973
480.34589000000005,0.9725243913858187
480.36127,0.9724613905840308
480.37667999999996,0.9723982910746869
480.39209000000005,0.9723352157558675
480.40747000000005,0.9722722873373809
480.42287999999996,0.9722092603108731
480.43825999999996,0.9721463800630058
480.45367000000005,0.9720834012733666
480.46905999999996,0.9720205282954998
480.48447000000004,0.9719575977030155
480.49985,0.9718948136462024
480.51525999999996,0.9718319311799457
480.53064000000006,0.9717691951281172
480.54605,0.9717063607329028
480.56143,0.9716436726310246
480.57684000000006,0.9715808862517487
480.59222,0.9715182460448673
480.60764000000006,0.9714554669215069
480.62302,0.9713928745702836
480.63842999999997,0.9713301840734719
480.65380999999996,0.9712676395075756
480.66922,0.9712049968618842
480.6846,0.9711425000266144
480.70000999999996,0.9710799051772805
480.71542,0.971017334228872
480.7308,0.9709549089103607
480.74622,0.9708923451108822
480.7616,0.970829967402032
480.77700999999996,0.9707674918432145
480.79239,0.9707051616741494
480.8078,0.9706427337206202
480.82318,0.9705804510370156
480.83859,0.9705180706343853
480.85397,0.9704558353819964
480.86938,0.9703935024759562
480.88477,0.970331274174066
480.90018,0.9702689887257913
480.91555999999997,0.9702068481887934
480.93097,0.9701446101287239
480.94635,0.9700825168606884
480.96175999999997,0.9700203261347627
480.97714,0.9699582800817758
480.99255,0.969896136636016
481.00793,0.9698341377442448
481.02335,0.969772001236369
481.03875999999997,0.9697099286481303
481.05414,0.9696480004356315
481.06955,0.9695859749929281
481.08493,0.9695240938073784
481.10034,0.9694621154565186
481.11572,0.9694002812443715
481.13113,0.9693383499317444
481.14651,0.9692765626395345
481.16193,0.9692146381606903
481.17731,0.9691528977502459
481.19272,0.9690910603688146
481.2081,0.9690293667716026
481.22351,0.9689675762680435
481.23889,0.9689059294308411
481.2543,0.96884418575187
481.26968,0.9687825856215374
481.2851,0.9687208486846122
481.30048,0.9686592952232304
481.31589,0.9685976450490604
481.33127,0.9685361381884878
481.34668,0.9684745346795163
481.36209,0.9684129545059821
481.37747,0.9683515174701105
481.39288,0.9682899838823316
481.40826,0.9682285933151418
481.42368,0.9681670663670825
481.43906,0.9681057222309395
481.45447,0.9680442816713063
481.46985,0.9679829838985059
481.48526,0.9679215897663208
481.50064000000003,0.9678603383043208
481.51605,0.9677989905469766
481.53143,0.9677377853433166
481.54684000000003,0.9676764839082895
481.56223,0.9676152851528095
481.57764000000003,0.9675540300026728
481.59302,0.9674929171736016
481.60843,0.9674317082409528
481.62380999999993,0.9673706415132919
481.63922,0.9673094787458429
481.6546,0.9672484580674443
481.67001,0.9671873414129878
481.68542,0.9671262478179133
481.70081,0.9670652565151743
481.71622,0.9670042089698443
481.7316,0.9669433032242425
481.74701,0.9668823016616841
481.76239000000004,0.9668214417834102
481.7778,0.9667604861516902
481.79318,0.9666996720889499
481.80859000000004,0.9666387623362126
481.82397000000003,0.9665779940372905
481.83939000000004,0.9665170906228168
481.85477000000003,0.966456368050913
481.87018,0.966395549915745
481.88555999999994,0.9663348730044438
481.90097000000003,0.9662741005931433
481.91635,0.9662134692909624
481.93175999999994,0.9661527425519834
481.94714000000005,0.9660921568075178
481.96255,0.9660314756893948
481.97794000000005,0.9659708960957443
481.99335,0.9659102605618787
482.00875999999994,0.9658496478156657
482.02414000000005,0.9657891757779623
482.03955,0.9657286085242359
482.05492999999996,0.9656681818648949
482.07034000000004,0.9656076600524545
482.08572000000004,0.9655472787204173
482.10114000000004,0.9654867630605958
482.11652000000004,0.9654264270195757
482.13192999999995,0.9653659959511457
482.14730999999995,0.965305705135525
482.16272000000004,0.9652453193552345
482.1781,0.9651850737141834
482.19350999999995,0.9651247331711432
482.20889000000005,0.9650645326539066
482.2243,0.9650042372973028
482.23969000000005,0.9649440427477518
482.2551,0.964883792541496
482.27047999999996,0.9648236821345498
482.28589000000005,0.9647634770133133
482.30127000000005,0.9647034115783603
482.31667999999996,0.9646432514915569
482.33209000000005,0.9645831139249371
482.34747000000004,0.9645231158752655
482.36287999999996,0.9644630232673166
482.37827000000004,0.9644030310896349
482.39367999999996,0.9643429834045352
482.40905999999995,0.9642830750111138
482.42447000000004,0.9642230721839463
482.43985,0.9641632085360459
482.45525999999995,0.964103250516565
482.47064000000006,0.9640434315640726
482.48605,0.9639835183021054
482.50142999999997,0.9639237439949848
482.51685,0.9638638365972394
482.53222999999997,0.9638041069000033
482.54764000000006,0.9637442830173442
482.56302,0.9636845978656124
482.57842999999997,0.963624818590384
482.59380999999996,0.9635651779343452
482.60922,0.9635054432166738
482.6246,0.9634458470065873
482.64000999999996,0.9633861567966733
482.65542999999997,0.9633264501305892
482.67080999999996,0.9632669205323399
482.68622,0.9632072970269081
482.7016,0.9631478117505472
482.71700999999996,0.9630882326286602
482.73239,0.9630287916247076
482.7478,0.9629692568368244
482.76318,0.9629098600558722
482.77859000000007,0.962850369552527
482.79398,0.9627909783616435
482.80939000000006,0.9627315321078027
482.82477,0.9626722236392486
482.84018,0.9626128215712174
482.85555999999997,0.9625535571778684
482.87097,0.9624941992464009
482.88635,0.9624349788791434
482.90175999999997,0.9623756650350662
482.91714,0.9623164886448587
482.93255999999997,0.9622571803843131
482.94794,0.9621980479364485
482.96335,0.9621388221342058
482.97875999999997,0.9620796183296305
482.99414,0.962020551703564
483.00955,0.9619613918148092
483.02493,0.9619023689946836
483.04034,0.9618432529729029
483.05573,0.9617842355692154
483.07114,0.9617251633798621
483.08652,0.9616662280397366
483.10193,0.9616071996198685
483.11731,0.9615483079397434
483.13272,0.9614893232407314
483.1481,0.9614304751721086
483.16351,0.9613715341453991
483.17889,0.9613127296398518
483.19431,0.9612537940237942
483.20969,0.9611950330470929
483.2251,0.9611361792337487
483.24048,0.9610774617234715
483.25589,0.961018651437172
483.27127,0.9609599773451067
483.28668,0.9609012105375849
483.30209,0.960842465472531
483.31747,0.960783856438649
483.33289,0.9607251166939021
483.34827,0.9606665509720463
483.36368,0.9606078926859399
483.37906,0.9605493702140778
483.39447,0.9604907552383273
483.40985,0.9604322759685673
483.42526,0.9603737042552214
483.44064000000003,0.960315268139743
483.45605,0.9602567396409241
483.47144000000003,0.96019830867213
483.48685,0.9601398233540416
483.50223,0.9600814734179206
483.51764000000003,0.9600230312187982
483.53302,0.9599647242939034
483.54843,0.9599063251660778
483.56381,0.9598480612048691
483.57922,0.9597897051007446
483.5946,0.9597314840557528
483.61002,0.9596731330936853
483.62543,0.9596148414708762
483.64081,0.9595566847461261
483.65622,0.9594984360282933
483.6716,0.9594403221013533
483.68701,0.9593821162411438
483.70239000000004,0.9593240450647883
483.7178,0.9592658820149207
483.73318,0.9592078535419952
483.7486,0.959149695546244
483.76398,0.9590917097435074
483.77939000000003,0.9590336321866172
483.79477,0.9589756889931906
483.81018,0.9589176541051944
483.82555999999994,0.9588597534741291
483.84097,0.9588017612080222
483.85635,0.9587439030924401
483.87177,0.9586859158029514
483.88715,0.9586281001698261
483.90255999999994,0.9585701930205632
483.91794000000004,0.958512419809353
483.93335,0.9584545551413629
483.94875999999994,0.9583967117171541
483.96414000000004,0.9583390020719474
483.97955,0.9582812010589179
483.99492999999995,0.9582235337190503
484.01035,0.958165737596177
484.02572999999995,0.9581081125288613
484.04114000000004,0.9580503962121154
484.05652000000003,0.9579928133571868
484.07193,0.9579351393119294
484.08730999999995,0.957877598623022
484.10272000000003,0.9578199668028307
484.1181,0.9577624682336447
484.13350999999994,0.9577048785921662
484.1489,0.9576473847453731
484.16430999999994,0.9575898372499957
484.17969000000005,0.9575324227952718
484.1951,0.9574749173860844
484.21047999999996,0.9574175449125804
484.22589000000005,0.9573600815434314
484.24127000000004,0.9573027510051174
484.25667999999996,0.9572453296299247
484.27209000000005,0.9571879292548846
484.28747999999996,0.9571306243252083
484.30289000000005,0.9570732658887099
484.31827000000004,0.957016040021379
484.33367999999996,0.9569587234638836
484.34905999999995,0.9569015393711374
484.36447000000004,0.9568442646467947
484.37985,0.9567871222829064
484.39525999999995,0.9567298893459373
484.41064000000006,0.9566727886652469
484.42605999999995,0.9566155603636719
484.44144000000006,0.9565585013341046
484.45685,0.9565013518483328
484.47222999999997,0.9564443344108312
484.48764000000006,0.9563872265754718
484.50302,0.9563302506845748
484.51842999999997,0.95627318445411
484.53380999999996,0.9562162500644246
484.54922,0.9561592253934071
484.56460999999996,0.9561022954748322
484.58002,0.9560453123313544
484.59542999999996,0.9559883499481043
484.61080999999996,0.9559315191468694
484.62622000000005,0.9558745982096952
484.6416,0.9558178087512773
484.65700999999996,0.9557609292149617
484.67239000000006,0.9557041810542615
484.68780999999996,0.9556473059964086
484.70319000000006,0.9555905991017862
484.7186,0.9555338022452057
484.73398,0.9554771365582905
484.74939000000006,0.955420380967292
484.76477,0.955363756443183
484.78018,0.9553070420728121
484.79555999999997,0.9552504586666726
484.81097,0.9551937854720395
484.82635,0.9551372431390993
484.84177,0.9550805743318533
484.85715,0.9550240730407253
484.87255999999996,0.9549674820764914
484.88794,0.9549110217692014
484.90335,0.9548544718464101
484.91875999999996,0.9547979424475713
484.93414,0.9547415435524018
484.94955,0.9546850551280623
484.96494,0.9546286604683217
484.98035,0.9545722129872315
484.99573,0.9545158958058984
485.01114,0.9544594892102889
485.02652,0.9544032128126746
485.04193,0.9543468470581442
485.05731,0.9542906113999629
485.07272,0.9542342864421675
485.0881,0.9541780914791969
485.10352,0.9541217707560122
485.1189,0.9540656164572907
485.13430999999997,0.9540093729734198
485.14969,0.9539532592816422
485.1651,0.9538970564618561
485.18048,0.9538409833329936
485.19589,0.9537848211332097
485.21127,0.9537287885232949
485.22668,0.9536726668994912
485.2421,0.9536165291677258
485.25748,0.9535605572867621
485.27289,0.9535044964774053
485.28827,0.9534485650057147
485.30368,0.9533925446625298
485.31906,0.9533366535563668
485.33447,0.9532806736355558
485.34985,0.9532248228512394
485.36526,0.9531688833090657
485.38065,0.953113036521803
485.39606,0.9530571373276876
485.41144,0.9530013670693325
485.42685,0.9529455081665592
485.44223,0.9528897780993685
485.45764,0.9528339594443914
485.47302,0.9527782695249353
485.48843,0.9527224910742704
485.50381,0.9526668412591802
485.51923,0.9526110668057204
485.53461,0.9525554570646964
485.55002,0.9524997589054771
485.56543,0.9524440808083002
485.58081,0.9523885310972598
485.59622,0.9523328930526598
485.6116,0.9522773832946547
485.62701,0.9522217852594276
485.6424,0.9521662793516307
485.65781,0.9521107212956094
485.67319000000003,0.9520552913274162
485.6886,0.9519997731945351
485.70398,0.9519443830502854
485.71939000000003,0.9518889047975272
485.73477,0.9518335544343198
485.75018,0.9517781160187324
485.76555999999994,0.9517228053937253
485.78098,0.9516673708290879
485.79635999999994,0.9516120999123892
485.81177,0.9515567410554223
485.82715,0.9515015097914148
485.84255999999993,0.951446190643108
485.85794000000004,0.9513909989891349
485.87335,0.9513357195067779
485.88876,0.9512804598607032
485.90414000000004,0.9512253275611902
485.91956,0.9511700716896253
485.93494000000004,0.9511149789065749
485.95035,0.9510597984347466
485.96573,0.9510047451128806
485.98114000000004,0.9509496041579689
485.99652000000003,0.9508945902549044
486.01193,0.9508394887744746
486.02730999999994,0.9507845142478903
486.04272000000003,0.9507294521995687
486.05810999999994,0.9506744812950007
486.07352000000003,0.9506194586492601
486.0889,0.950564562761669
486.10430999999994,0.9505095794634584
486.11969000000005,0.9504547228257326
486.1351,0.9503997788328588
486.15047999999996,0.9503449614029197
486.16589000000005,0.9502900566732515
486.18127000000004,0.9502352784090782
486.19669000000005,0.9501803773030795
486.2121,0.9501255314211664
486.22747999999996,0.9500708118587203
486.24289000000005,0.9500160051349129
486.25827000000004,0.9499613246334119
486.27367999999996,0.9499065570257887
486.28905999999995,0.9498519155434233
486.30447000000004,0.9497971870101245
486.31985,0.9497425845051447
486.33527000000004,0.9496878595210865
486.35065,0.9496332959644403
486.36605999999995,0.9495786454670979
486.38144000000005,0.9495241208045007
486.39685,0.9494695092562399
486.41222999999997,0.9494150234461223
486.42764000000005,0.9493604508053194
486.44302000000005,0.9493060038061678
486.45844000000005,0.9492514346490105
486.47382000000005,0.949197026431955
486.48922999999996,0.94914253149404
486.50460999999996,0.949088162005089
486.52002000000005,0.9490337058501052
486.53542999999996,0.9489792690899376
486.55080999999996,0.9489249576344836
486.56622000000004,0.9488705595951675
486.5816,0.948816286764569
486.59702000000004,0.9487618921357083
486.6124,0.9487076579013005
486.62780999999995,0.948653337192396
486.64319000000006,0.9485991415005095
486.6586,0.9485448593887253
486.67398,0.9484907021982896
486.68939000000006,0.9484364586425013
486.70477,0.9483823399125042
486.72017999999997,0.9483281348716491
486.73557,0.9482740194046219
486.75097999999997,0.9482198528501821
486.76635999999996,0.9481658109307094
486.78177,0.9481116828092357
486.79715,0.9480576792274958
486.81255999999996,0.9480035894980985
486.82794,0.9479496242133088
486.84335,0.9478955728351556
486.85875999999996,0.9478415406359953
486.87415,0.9477875976944743
486.88955999999996,0.9477336037978281
486.90494,0.9476797341083751
486.92035,0.9476257784611152
486.93573,0.9475719469263019
486.95114,0.947518029487796
486.96652,0.9474642360671003
486.98193,0.9474103567967782
486.99730999999997,0.9473566014497364
487.01273,0.9473027253741825
487.02810999999997,0.9472490080727326
487.04352,0.9471952050296537
487.0589,0.947141525721087
487.07430999999997,0.9470877607248078
487.08969,0.9470341193688314
487.1051,0.9469803923790079
487.12048,0.9469267889353852
487.13589,0.9468730999117321
487.15128,0.946819499518365
487.16669,0.9467658484329633
487.1821,0.9467122163139141
487.19748,0.9466587075062034
487.21289,0.9466051132528263
487.22827,0.9465516422170588
487.24368,0.9464980857892653
487.25906,0.9464446524854608
487.27448,0.9463910991195433
487.28986,0.9463377035200121
487.30527,0.9462842226356047
487.32065,0.9462308646882307
487.33606,0.9461774215094721
487.35144,0.9461241011744436
487.36685,0.9460706956614727
487.38223,0.9460174128990329
487.39764,0.945964045012044
487.41302,0.9459107997824939
487.42844,0.9458574348802506
487.44382,0.9458042271561177
487.45923,0.9457509344140902
487.47461,0.9456977641436025
487.49002,0.9456445089084654
487.50543,0.9455912724301796
487.52081,0.9455381582842616
487.53622,0.945484959253494
487.55161,0.945431847958275
487.56702,0.9453786863476725
487.5824,0.9453256468842731
487.59781,0.9452725226422367
487.61319000000003,0.9452195204549912
487.6286,0.9451664335421351
487.64398,0.9451134685917614
487.65939000000003,0.9450604189687517
487.67477,0.9450074912160242
487.69019000000003,0.944954444448354
487.70557,0.9449015538661614
487.72098,0.944848578717151
487.73636,0.9447957252543006
487.75177,0.944742787277459
487.76715,0.9446899708948882
487.78256,0.9446370700511069
487.79794000000004,0.9445842907098079
487.81335,0.9445314269600292
487.82877,0.9444785474738981
487.84415,0.9444258236514993
487.85956,0.9443730154996698
487.87494000000004,0.9443203286212297
487.89035,0.944267557465968
487.90573,0.9442149074926717
487.92114000000004,0.9441621732951144
487.93652000000003,0.9441095601881989
487.95193,0.9440568629095342
487.96732000000003,0.9440042524514352
487.98273,0.9439515920648784
487.99810999999994,0.9438990525865971
488.01352,0.9438464290414622
488.0289,0.9437939263135868
488.04430999999994,0.9437413395712267
488.05969000000005,0.943688873555211
488.0751,0.9436363235770301
488.09047999999996,0.9435838942343827
488.1059,0.9435313469104187
488.12127999999996,0.9434789542145948
488.13669000000004,0.9434264776611152
488.1521,0.9433740194546455
488.16747999999995,0.9433216816570529
488.18289000000004,0.943269260080077
488.19827000000004,0.9432169588215229
488.21367999999995,0.9431645738356875
488.22905999999995,0.9431123090779217
488.24447999999995,0.9430599266804355
488.25985999999995,0.9430076983970955
488.27527000000003,0.9429553864905553
488.29065,0.9429031946316502
488.30605999999995,0.9428509192015028
488.32144000000005,0.9427987637289404
488.33685,0.9427465247370489
488.35222999999996,0.9426944056127935
488.36765,0.9426421691511937
488.38302999999996,0.9425900863490446
488.39844000000005,0.9425379201312641
488.41382000000004,0.9424858736014927
488.42922999999996,0.9424337437078597
488.44460999999995,0.9423817334125857
488.46002000000004,0.9423296398051714
488.47542999999996,0.9422775643443216
488.49080999999995,0.9422256083475029
488.50622999999996,0.9421735353521662
488.52160999999995,0.9421216155070912
488.53702000000004,0.9420696124790154
488.5524,0.9420177287362471
488.56780999999995,0.9419657618620338
488.58319000000006,0.9419139141839279
488.5986,0.9418619834258876
488.61397999999997,0.9418101717748555
488.62939000000006,0.9417582770953491
488.64477999999997,0.9417064677754178
488.66019000000006,0.9416546091485611
488.67557,0.9416028694507855
488.69097999999997,0.9415510468273344
488.70635999999996,0.9414993430441618
488.72177,0.9414475563866351
488.73715,0.9413958884806847
488.75255999999996,0.9413441377516557
488.76794,0.9412925056855974
488.78335999999996,0.941240757294244
488.79877,0.941189060417005
488.81415,0.9411374820699445
488.82955999999996,0.9410858210278276
488.84494000000007,0.9410342784275323
488.86035,0.9409826531832876
488.87573,0.940931146292608
488.89114000000006,0.9408795568090416
488.90652,0.9408280855908802
488.92194000000006,0.9407764983819061
488.93732,0.9407250628107828
488.95273,0.9406735447487773
488.96810999999997,0.9406221447761184
488.98352,0.9405706623635014
488.9989,0.9405192979523634
489.01430999999997,0.940467851152144
489.02969,0.940416522265635
489.0451,0.9403651110408746
489.06049,0.9403137842972008
489.0759,0.9402624086225475
489.09128,0.9402111506863291
489.10669,0.9401598105133985
489.1221,0.9401084880948086
489.13748,0.9400572832834305
489.15289,0.9400059963113853
489.16827,0.939954826859219
489.18369,0.9399035420441195
489.19907,0.9398524079260187
489.21448,0.9398011917484661
489.22986,0.9397500929163894
489.24527,0.9396989120753927
489.26065,0.9396478484928286
489.27606,0.9395967029518284
489.29144,0.9395456745823149
489.30685,0.9394945643048052
489.32224,0.9394435379621225
489.33765,0.9393924629230787
489.35303,0.9393415048818909
489.36844,0.939290465033461
489.38382,0.9392395420962287
489.39923,0.9391885374020553
489.41461,0.9391376495325167
489.43002,0.9390866799562922
489.44543,0.9390357279425351
489.46082,0.9389848595765197
489.47623,0.9389339426377096
489.49161,0.938883142307477
489.50702,0.9388322603960381
489.5224,0.9387814950069492
489.53781,0.9387306480867514
489.55319000000003,0.9386799176027688
489.5686,0.9386291056377268
489.58398,0.9385784100228641
489.5994,0.9385276000319063
489.61478,0.9384769392615321
489.63019,0.9384261971100771
489.64557,0.9383755711369837
489.66098,0.9383248638327246
489.67636,0.9382742726210715
489.69177,0.9382236001281234
489.70715,0.9381730436421216
489.72256,0.9381224059246476
489.73795,0.9380718512851675
489.75336,0.9380212483186583
489.76877,0.9379706627254912
489.78415,0.9379201929254654
489.79956,0.9378696420183699
489.81494000000004,0.937819206819087
489.83035,0.9377686905624001
489.84573,0.9377182899282901
489.86115,0.9376677755330027
489.87653,0.9376174094397531
489.89194000000003,0.9375669623883133
489.90732,0.9375166307892309
489.92273,0.9374662182814896
489.93810999999994,0.9374159211411522
489.95352,0.9373655431416406
489.9689,0.9373152804246706
489.98430999999994,0.9372649368979692
489.99969000000004,0.937214708569041
490.01510999999994,0.9371643668383324
490.03049000000004,0.9371141728733184
490.0459,0.9370638981973385
490.06127999999995,0.9370137385498458
490.07669000000004,0.9369634982406948
490.0921,0.936913275118472
490.10748,0.9368631668979943
490.12289000000004,0.9368129780897593
490.13828,0.9367628715466177
490.15369000000004,0.9367127170283469
490.16907000000003,0.9366626772431839
490.18448,0.9366125569686299
490.19985999999994,0.9365625513430172
490.21527000000003,0.9365124652771213
490.23065,0.9364624937760935
490.24605999999994,0.9364124418838463
490.26144000000005,0.9363625044724839
490.27685999999994,0.9363124542664816
490.29224000000005,0.9362625509209682
490.30765,0.9362125672822454
490.32302999999996,0.9361626979566924
490.33844000000005,0.93611274838686
490.35382000000004,0.9360629130464897
490.36922999999996,0.9360129975107283
490.38460999999995,0.9359631961208131
490.40002000000004,0.9359133145843481
490.41544000000005,0.9358634176980174
490.43082000000004,0.9358136671962806
490.44622999999996,0.9357638366212169
490.46160999999995,0.9357141199832921
490.47702000000004,0.9356643233207718
490.4924,0.9356146405120956
490.50780999999995,0.9355648777275124
490.52319000000006,0.9355152287135672
490.5386,0.93546549977236
490.55399000000006,0.9354158522645671
490.5694,0.9353661571432
490.58477999999997,0.9353165756263035
490.60019000000005,0.9352669142793216
490.61557,0.9352173664538771
490.63097999999997,0.9351677388468628
490.64635999999996,0.9351182246785422
490.66177000000005,0.93506863077712
490.67715,0.9350191502316395
490.69257000000005,0.9349695578458694
490.70795,0.9349201108998968
490.72335999999996,0.9348705843176509
490.73877000000005,0.9348210745574218
490.75415,0.9347716779465784
490.76955999999996,0.9347222017719776
490.78494000000006,0.9346728386643247
490.80035,0.9346233960411893
490.81573,0.9345740664026527
490.83115,0.9345246252392934
490.84653,0.9344753290466985
490.86194000000006,0.9344259534350584
490.87732,0.9343766906435594
490.89273,0.9343273484811596
490.90810999999997,0.9342781190568226
490.92352,0.9342288103096859
490.9389,0.9341796142186206
490.95432,0.934130306882008
490.9697,0.9340811441011798
490.98510999999996,0.9340319020936426
491.00049,0.9339827725784341
491.0159,0.933933563884489
491.03128,0.9338844676011477
491.04669,0.9338352921870005
491.0621,0.9337861334162886
491.07748,0.9337370869337205
491.0929,0.9336879295185777
491.10828,0.93363891619444
491.12369,0.9335898238591723
491.13907,0.9335408436491024
491.15448,0.9334917844756807
491.16985999999997,0.933442837346131
491.18527,0.933393811300967
491.20065,0.9333448972184355
491.21605999999997,0.9332959042679838
491.23145,0.9332469914221454
491.24685999999997,0.93319803154364
491.26224,0.933149183465525
491.27765,0.9331002566147691
491.29303,0.9330514414834276
491.30844,0.9330025476270096
491.32382,0.9329537654091203
491.33923,0.9329049045136794
491.35461,0.932856155175964
491.37003,0.9328072955276302
491.38544,0.9327584840379006
491.40082,0.9327097839847969
491.41623,0.9326610053728047
491.43161,0.9326123381168541
491.44702,0.9325635923493891
491.4624,0.9325149578574716
491.47781,0.9324662449013741
491.49319,0.9324176431404152
491.50861,0.9323689313778988
491.52399,0.9323203623254798
491.5394,0.9322717149034381
491.55478,0.9322231785159505
491.57019,0.932174563806046
491.58557,0.9321260600505465
491.60098,0.9320774780197952
491.61636,0.9320290068633864
491.63177,0.9319804574788491
491.64716,0.9319319873994334
491.66257,0.9318834706388017
491.67795,0.9318350645926184
491.69336,0.9317865804124424
491.70877,0.9317381125260458
491.72415,0.9316897552343851
491.73956,0.931641319879234
491.75494000000003,0.9315929950391445
491.77036,0.9315445607777457
491.78574000000003,0.9314962683670949
491.80115,0.9314478979867965
491.81653,0.9313996379624385
491.83194000000003,0.9313513000152841
491.84732,0.9313030723446514
491.86273,0.9312547667980312
491.87810999999994,0.9312065714485989
491.89352,0.9311582982699486
491.90890999999993,0.9311101038990965
491.92432,0.9310618630663889
491.9397,0.9310137322724312
491.95511,0.9309655237426812
491.97049000000004,0.9309174251726019
491.9859,0.9308692489133751
492.00128,0.9308211825348257
492.01669000000004,0.9307730385137273
492.0321,0.9307249106152511
492.04749000000004,0.9306768612631491
492.0629,0.9306287655647323
492.07828,0.9305807795498153
492.09369000000004,0.930532716008711
492.10907000000003,0.930484762072411
492.12448,0.9304367306563825
492.13985999999994,0.930388808766543
492.15527000000003,0.9303408094433904
492.17065,0.9302929195678988
492.18607000000003,0.9302449211833157
492.20145,0.9301970633004834
492.21685999999994,0.9301491280770631
492.23224000000005,0.9301013021444707
492.24765,0.9300533989175825
492.26302999999996,0.9300056049032462
492.27844000000005,0.9299577336408646
492.29382000000004,0.929909971512841
492.30922999999996,0.9298621321829842
492.32462000000004,0.9298143708805591
492.34002999999996,0.9297665634616421
492.35544000000004,0.9297187719965719
492.37082000000004,0.9296710894706778
492.38622999999995,0.9296233298583356
492.40160999999995,0.9295756791072671
492.41702000000004,0.9295279513158181
492.4324,0.929480332307824
492.44780999999995,0.9294326363054791
492.4632,0.9293850180729767
492.47860999999995,0.9293373538382921
492.49399000000005,0.9292897982316487
492.5094,0.9292421657226004
492.52477999999996,0.9291946417640232
492.54019000000005,0.9291470409489467
492.55557000000005,0.9290995486068543
492.57097999999996,0.9290519794541249
492.58635999999996,0.9290045186969763
492.60177999999996,0.9289569503316647
492.61715999999996,0.9289095211382049
492.63257000000004,0.9288620152257319
492.64795,0.9288146175542513
492.66335999999995,0.928767143209501
492.67877000000004,0.9287196846521787
492.69415,0.9286723342201049
492.70955999999995,0.928624907183323
492.72495,0.9285775574332902
492.74035999999995,0.9285301618958802
492.75574000000006,0.9284828743297056
492.77115,0.9284355102500842
492.78652999999997,0.9283882540648289
492.80194000000006,0.9283409214116863
492.81732,0.9282936965761223
492.83272999999997,0.9282463953181923
492.84810999999996,0.9281992018011328
492.86352999999997,0.9281519012374658
492.87890999999996,0.9281047390179237
492.89432,0.9280575004669545
492.9097,0.92801036950366
492.92510999999996,0.9279631622543395
492.94049,0.9279160625162314
492.9559,0.9278688865374585
492.97128,0.9278218179935148
492.98669,0.9277746732542281
493.00210999999996,0.9277275135598636
493.01749,0.9276804917743722
493.0329,0.9276333938614824
493.04828,0.9275864031927583
493.06369000000007,0.9275393364418586
493.07907,0.927492376859026
493.09448,0.9274453412391993
493.10985999999997,0.9273984127114205
493.12527,0.9273514081917908
493.14065999999997,0.9273044802007848
493.15607,0.9272575067606033
493.17145,0.9272106402606486
493.18685999999997,0.9271636978590239
493.20224,0.9271168623218484
493.21765,0.9270699509280274
493.23303,0.9270231463229589
493.24844,0.9269762659062288
493.26382,0.9269294922026332
493.27924,0.9268826123353541
493.29462,0.9268358695126598
493.31003,0.9267890509681702
493.32544,0.9267422478851381
493.34082,0.9266955513264868
493.35623,0.9266487791133443
493.37161,0.9266021133492429
493.38702,0.9265553719754581
493.4024,0.9265087369754553
493.41782,0.926461996103687
493.4332,0.9264153918473488
493.44861,0.9263687120708363
493.46399,0.9263221385178045
493.4794,0.9262754894892868
493.49478,0.9262289466092292
493.51019,0.9261823282983365
493.52557,0.9261358160609617
493.54099,0.926089198210274
493.55637,0.9260427165952676
493.57178,0.9259961596386238
493.58716,0.9259497086058276
493.60257,0.9259031822759265
493.61795,0.925856761795168
493.63336,0.9258102660617978
493.64877,0.9257637856302687
493.66415,0.9257174109359353
493.67957,0.925670930917955
493.69495,0.9256245867102817
493.71036,0.9255781673610972
493.72574000000003,0.9255318536001476
493.74115,0.9254854647420439
493.75653,0.9254391813978229
493.77194000000003,0.9253928230007668
493.78732,0.9253465700433204
493.80273,0.9253002420773212
493.81812,0.925253989427957
493.83353,0.9252076918729264
493.84891,0.9251614996091672
493.86432,0.9251152324253133
493.8797,0.9250690704586908
493.89511,0.9250228336161372
493.91049000000004,0.9249767019168532
493.9259,0.9249304953857647
493.94128,0.9248843939240614
493.9567,0.9248381877144399
493.97211,0.9247920266192542
493.98749000000004,0.9247459704827122
494.0029,0.9246998396245472
494.01828,0.9246538136513359
494.03369000000004,0.9246077130004932
494.04907000000003,0.9245617171609896
494.06448,0.9245156466878074
494.07985999999994,0.9244696809524281
494.09528,0.9244236107552665
494.11065999999994,0.9243776751042287
494.12607,0.9243316649073172
494.14145,0.9242857593013435
494.15685999999994,0.924239779193334
494.17224000000004,0.9241939036029561
494.18765,0.9241479535543418
494.20302999999996,0.9241021079501309
494.21844000000004,0.9240561879314451
494.23382999999995,0.9240103424997673
494.24924000000004,0.92396445249132
494.26462000000004,0.9239186667810227
494.28002999999995,0.9238728067436761
494.29544000000004,0.9238269616954558
494.31082000000004,0.92378122083588
494.32623,0.9237354057147319
494.34160999999995,0.923689694709343
494.35703,0.9236438797794558
494.37240999999995,0.9235981986087176
494.38782000000003,0.9235524432635639
494.4032,0.9235067918886041
494.41860999999994,0.923461066382745
494.43399000000005,0.9234154447744212
494.4494,0.9233697490786748
494.46477999999996,0.9233241572078834
494.48019000000005,0.9232784912931089
494.49557000000004,0.923232929130784
494.51099000000005,0.9231872633580689
494.52637000000004,0.923141730884816
494.54177999999996,0.9230961244543596
494.55715999999995,0.9230506216315452
494.57257000000004,0.9230050448948539
494.58795,0.9229595716935238
494.60335999999995,0.922914024621606
494.61877000000004,0.9228684923856525
494.63415999999995,0.9228230340439652
494.64957000000004,0.9227775314389731
494.66495,0.9227321321889149
494.68035999999995,0.9226866591763616
494.69574000000006,0.9226412894467264
494.71115,0.9225958459977542
494.72652999999997,0.9225505057597585
494.74194000000006,0.9225050918455446
494.75732,0.922459781070443
494.77274000000006,0.922414367215726
494.78812,0.9223690858843635
494.80352999999997,0.9223237309629241
494.81890999999996,0.9222784790370642
494.83432,0.9222331535641366
494.8497,0.9221879310151455
494.86510999999996,0.9221426349620577
494.88049,0.9220974417613372
494.8959,0.9220521750994556
494.91129000000006,0.9220069818578757
494.9267,0.9219617445681334
494.94210999999996,0.9219165219632681
494.95749000000006,0.9218714020321173
494.9729,0.9218262087470112
494.98828,0.9217811180643098
495.00369000000006,0.9217359540704566
495.01907,0.9216908926077747
495.03448,0.9216457578767087
495.04987,0.9216006963306331
495.06528,0.9215555908434111
495.08065999999997,0.9215105877450902
495.09607,0.9214655114638195
495.11145,0.9214205375004373
495.12685999999997,0.9213754903967634
495.14224,0.921330545540035
495.15765,0.9212855275856345
495.17303,0.9212406118073143
495.18845,0.9211955937840623
495.20383,0.9211507070653704
495.21924,0.9211057473341471
495.23462,0.9210608896374689
495.25003,0.9210159589707683
495.26544,0.9209710428399079
495.28082,0.9209262286376149
495.29623,0.9208813415290156
495.31161,0.9208365562784471
495.32703,0.9207916690589543
495.34241,0.9207469127414525
495.35782,0.9207020836024564
495.3732,0.9206573561806122
495.38860999999997,0.9206125559796182
495.40399,0.9205678574254571
495.4194,0.9205230861344543
495.43478,0.9204784164200377
495.4502,0.9204336449810826
495.46558,0.9203890040878621
495.48099,0.9203442905423197
495.49637,0.9202996784330659
495.51178,0.920254993713689
495.52716,0.9202104103605719
495.54257,0.9201657544394947
495.55795,0.9201211998147198
495.57336,0.9200765726641106
495.58878,0.9200319309564555
495.60416,0.9199874193954384
495.61957,0.9199428353717424
495.63495,0.9198983524697151
495.65036,0.9198537971470445
495.66574,0.9198093428763364
495.68115,0.9197648162269868
495.69653,0.9197203905599658
495.71194,0.9196758925562645
495.72733,0.9196314666032044
495.74274,0.9195869972268081
495.75812,0.919542628693669
495.77353,0.9194981879076823
495.78891,0.9194538478955323
495.80432,0.9194094356723885
495.8197,0.9193651241537357
495.83511,0.9193207404659108
495.85049000000004,0.9192764574132973
495.86591,0.9192320734545513
495.88129000000004,0.9191878188497888
495.8967,0.9191434921593994
495.91211,0.919099179712766
495.92749000000003,0.9190549677284088
495.9429,0.9190106837209993
495.95828,0.91896650010684
495.97369000000003,0.9189222445112869
495.98907,0.9188780892400268
496.00449000000003,0.9188338333332725
496.01987,0.9187897063868407
496.03528,0.9187455075422362
496.05065999999994,0.9187014088842033
496.06607,0.9186572383695486
496.08145,0.9186131679727201
496.09685999999994,0.9185690257607872
496.11224000000004,0.9185249835980048
496.12765999999993,0.9184808410393654
496.14304000000004,0.9184368270926625
496.15845,0.9183927414137925
496.17383,0.9183487556469141
496.18924000000004,0.9183046981892783
496.20462000000003,0.9182607405751704
496.22003,0.9182167113116779
496.23544000000004,0.9181726961488329
496.25082000000003,0.9181287807269172
496.26624000000004,0.918084765177747
496.28162000000003,0.9180408778502211
496.29703,0.9179969189766244
496.31240999999994,0.9179530597074291
496.32782000000003,0.9179091289334124
496.3432,0.9178652976956476
496.35860999999994,0.9178213949942768
496.37399000000005,0.9177775917610779
496.3894,0.9177337171054546
496.40479000000005,0.9176899133920808
496.4202,0.917646066764432
496.43557999999996,0.9176023194689824
496.45099000000005,0.9175585008333743
496.46637000000004,0.9175147814620944
496.48177999999996,0.9174709907917308
496.49715999999995,0.9174272993178922
496.51257000000004,0.9173835365860084
496.52795,0.9173398729829185
496.54337000000004,0.9172961097865159
496.55877999999996,0.9172523889348889
496.57415999999995,0.9172087671105303
496.58957000000004,0.9171650741306049
496.60495,0.9171214801103886
496.62035999999995,0.9170778149755215
496.63574000000006,0.9170342487328705
496.65115,0.9169906114164524
496.66652999999997,0.9169470729248276
496.68195,0.9169034351052978
496.69732999999997,0.9168599243471917
496.71274000000005,0.9168163425969895
496.72812000000005,0.9167728595369201
496.74352999999996,0.9167293055255334
496.75890999999996,0.9166858501370606
496.77432000000005,0.9166423238380129
496.7897,0.9165988960947322
496.80510999999996,0.9165553974815844
496.8205,0.9165119691430611
496.83590999999996,0.9164684981983844
496.85129000000006,0.9164251256753593
496.8667,0.9163816823637935
496.88210999999995,0.9163382528723527
496.89749000000006,0.9162949217021391
496.9129,0.9162515198042982
496.92828,0.9162082161608432
496.9437,0.9161648136879182
496.95908,0.9161215375539272
496.97449000000006,0.9160781907733919
496.98987,0.9160349421137393
497.00527999999997,0.9159916228480286
497.02065999999996,0.9159484016365601
497.03607,0.915905109859481
497.05145,0.9158619160700745
497.06685999999996,0.9158186517554727
497.08224,0.9157754853620395
497.09765999999996,0.9157322204305718
497.11304,0.91568908141594
497.12845,0.915645871956853
497.14383,0.9156027602861074
497.15924,0.9155595782112187
497.17462,0.915516493858369
497.19003,0.9154733391416543
497.20544,0.9154301981075931
497.22083,0.9153871267140276
497.23624,0.9153440130080219
497.25162,0.9153009968585399
497.26703,0.9152579104457709
497.28240999999997,0.9152149215234578
497.29782,0.9151718623780172
497.3132,0.9151289006570313
497.32860999999997,0.9150858687530421
497.34399,0.9150429342075747
497.35940999999997,0.9149999016166122
497.37479,0.9149569942297
497.3902,0.914914016739943
497.40558,0.9148711364770188
497.42099,0.9148281861512737
497.43637,0.9147853329866265
497.45178,0.9147424097991472
497.46716,0.9146995837070977
497.48257,0.9146566876321709
497.49796,0.9146138607637383
497.51337,0.9145709917844775
497.52878,0.9145281363522123
497.54416,0.9144853778514433
497.55957,0.9144425494675704
497.57495,0.9143998179497569
497.59036,0.9143570165886756
497.60574,0.9143143120282836
497.62115,0.9142715376644274
497.63654,0.9142288322915474
497.65195,0.9141860849081376
497.66733,0.9141434341948528
497.68274,0.9141007137576207
497.69812,0.9140580899253421
497.71353,0.9140153964088192
497.72891,0.9139727994321413
497.74432,0.9139301328108891
497.7597,0.9138875626644392
497.77512,0.9138448952472309
497.7905,0.91380235191437
497.80591,0.9137597390161847
497.82129000000003,0.9137172224628931
497.8367,0.9136746363838452
497.85211,0.9136320637179264
497.86749000000003,0.9135895872996265
497.8829,0.9135470414148796
497.89828,0.9135045917130036
497.9137,0.9134620449966032
497.92908,0.9134196219946178
497.94449000000003,0.913377129605136
497.95987,0.9133347332692017
497.97528,0.9132922675851893
497.99065999999993,0.9132498978901732
498.00607,0.9132074588864634
498.02145,0.9131651158072602
498.03687,0.9131226759404318
498.05225,0.913080359460604
498.06766,0.9130379737507672
498.08304000000004,0.9129956838366345
498.09845,0.9129533247317786
498.11383,0.9129110613583316
498.12924000000004,0.9128687288334157
498.14462000000003,0.9128264919756772
498.16003,0.9127841860056898
498.17545,0.9127418658760695
498.19083,0.9126996687666199
498.20624000000004,0.9126574026037219
498.22162000000003,0.9126152319476555
498.23703,0.9125729922772774
498.25240999999994,0.9125308480497262
498.26782000000003,0.9124886348469686
498.2832,0.9124465170230953
498.29860999999994,0.9124043302630884
498.314,0.9123622114547247
498.32940999999994,0.9123200511212055
498.34479000000005,0.9122779860388608
498.3602,0.9122358520984402
498.37557999999996,0.9121938133454428
498.39099000000004,0.9121517057733425
498.40637000000004,0.9121096933249808
498.42177999999996,0.9120676120964573
498.43715999999995,0.9120256259280501
498.45257999999995,0.9119835437320002
498.46795999999995,0.9119415838274199
498.48337000000004,0.9118995552204721
498.49877999999995,0.9118575397641618
498.51415999999995,0.9118156192091391
498.52957000000004,0.9117736300100199
498.54495,0.9117317356487895
498.56035999999995,0.9116897726822561
498.57574000000005,0.9116479044902743
498.59115999999995,0.911605940522018
498.60654000000005,0.9115640984832598
498.62195,0.911522187916703
498.63732999999996,0.9114803719981925
498.65274000000005,0.9114384875905797
498.66812000000004,0.9113966977678648
498.68352999999996,0.9113548394947127
498.69890999999996,0.9113130757433737
498.71432000000004,0.911271243580228
498.72970999999995,0.9112294787424559
498.74512000000004,0.9111876726733632
498.7605,0.9111459610000842
498.77590999999995,0.9111041809921772
498.79129000000006,0.9110624953171857
498.8067,0.9110207413461019
498.82210999999995,0.9109790003969774
498.83749000000006,0.9109373536865102
498.85290999999995,0.9108956116718828
498.86829000000006,0.9108539909074215
498.8837,0.9108123019430954
498.89907999999997,0.910770707091989
498.91449000000006,0.9107290440794416
498.92987,0.9106874751174965
498.94527999999997,0.9106458380325001
498.96065999999996,0.9106042949355547
498.97607,0.9105626837539149
498.99145999999996,0.9105211395077174
499.00687,0.9104795542136701
499.02225,0.9104380627827333
499.03765999999996,0.9103965033437352
499.05304,0.9103550377054807
499.06845,0.9103135040974266
499.08383,0.9102720642278102
499.09924,0.9102305564266252
499.11462,0.9101891423016342
499.13004000000006,0.9101476333685633
499.14545,0.9101061642535211
499.16083,0.9100647887213732
499.17624000000006,0.9100233453531228
499.19162,0.9099819955056789
499.20703,0.9099405778602501
499.22240999999997,0.9098992536735999
499.23782,0.9098578617270529
499.2532,0.9098165631773174
499.26862,0.9097751700661255
499.284,0.9097338971377696
499.29940999999997,0.909692556525608
499.31479,0.9096513091864897
499.3302,0.9096099942015571
499.34558,0.9095687724278849
499.36099,0.9095274830463582
499.37637,0.909486286814372
499.39178,0.9094450230124606
499.40717,0.9094038255335771
499.42258,0.909362587295812
499.43796,0.9093214420843064
499.45337,0.9092802293786498
499.46878,0.9092390294425846
499.48416,0.9091979224404644
499.49957,0.9091567480009498
499.51495,0.9091156664339342
499.53036,0.9090745174673125
499.54575,0.9090334346214191
499.56116,0.9089923111123186
499.57654,0.9089512803529828
499.59195,0.9089101822695328
499.60733,0.9088691768745832
499.62274,0.9088281041932111
499.63812,0.9087871241391342
499.65353,0.9087460768362959
499.66891,0.9087051220996086
499.68433,0.9086640735355661
499.69971,0.9086231441010247
499.71512,0.9085821474929634
499.7305,0.9085412433289242
499.74591,0.9085002720289328
499.76129000000003,0.9084593931120001
499.7767,0.9084184470966513
499.79211,0.9083775137271533
499.8075,0.9083366460987785
499.82291,0.9082957379870215
499.83829000000003,0.9082549221061259
499.8537,0.9082140392205498
499.86908,0.9081732485050807
499.88449,0.9081323908223587
499.89987,0.9080916252490495
499.91528,0.9080507927458834
499.93066,0.9080100522914959
499.94608,0.9079692184676212
499.96146,0.9079285031170922
499.97687,0.9078877209114201
499.99225,0.9078470306334147
500.00766,0.9078062735375697
500.02304000000004,0.907765608308936
500.03845,0.9077248762997352
500.05383,0.9076842360973489
500.06924000000004,0.9076435291516367
500.08463,0.9076028875486617
500.10004000000004,0.9075622056514425
500.11545,0.9075215362779252
500.13083,0.9074809585604413
500.14624000000003,0.9074403141926317
500.16162,0.9073997614206667
500.17703,0.9073591420355117
500.19240999999994,0.9073186141860691
500.20782,0.9072780197605397
500.22320999999994,0.9072374904798782
500.23862,0.9071969209990735
500.254,0.9071564429338766
500.26940999999994,0.9071158983667204
500.28479000000004,0.9070754451552201
500.3002,0.9070349254787722
500.31557999999995,0.9069944970980856
500.33099000000004,0.9069540022894316
500.34637000000004,0.9069135987167021
500.36179000000004,0.9068731024948471
500.37717000000004,0.906832723715294
500.39258,0.906792278581657
500.40795999999995,0.9067519245644278
500.42337000000003,0.9067115042300042
500.43878,0.9066710962987049
500.45415999999994,0.9066307793943154
500.46957000000003,0.9065903962280263
500.48495,0.9065501040290729
500.50037000000003,0.9065097194192903
500.51575,0.9064694519110844
500.53115999999994,0.9064291182145897
500.54654000000005,0.9063888753664379
500.56195,0.9063485663667498
500.57732999999996,0.9063083481560067
500.59274000000005,0.9062680638304487
500.60812000000004,0.9062278702344952
500.62354000000005,0.906187584438742
500.63892000000004,0.9061474154429708
500.65432999999996,0.9061071804057527
500.66970999999995,0.9060670359796102
500.68512000000004,0.9060268255486519
500.7005,0.9059867056696026
500.71590999999995,0.9059465198223405
500.73129000000006,0.9059064244678758
500.7467,0.9058662631817712
500.76212000000004,0.905826088129881
500.7775,0.9057860295400302
500.79290999999995,0.905745905073369
500.80829000000006,0.9057058709519362
500.8237,0.9056657709901889
500.83907999999997,0.9056257613147631
500.85449000000006,0.9055856858354888
500.86987,0.9055457005836853
500.88527999999997,0.90550564956447
500.90067,0.9054656627355464
500.91607999999997,0.9054256361619363
500.93145999999996,0.9053856996982471
500.94687000000005,0.9053456975399415
500.96225,0.9053057854328783
500.97765999999996,0.9052658076675452
500.99304000000006,0.9052259198948314
501.00845,0.9051859665001665
501.02383,0.9051461030395554
501.03925,0.905106148086107
501.05463,0.9050663089232618
501.07004000000006,0.9050264042110211
501.08545,0.9049865116653516
501.10083,0.9049467089075242
501.11624000000006,0.904906840654649
501.13162,0.9048670621312511
501.14703,0.9048272181489885
501.16240999999997,0.904787463837892
501.17783,0.9047476182678327
501.19320999999997,0.9047078881547926
501.20862,0.9046680926551773
501.224,0.9046283867102606
501.23940999999996,0.9045886154148625
